Category,Mean,Std
Quantization,-0.7110177453617604,1.170206862054454
Token Eviction,-15.289736334140624,16.319292351442733
Recall-Eviction,-56.235119047619044,8.382948600536032
Recall-Quant,-0.9285714285714285,0.6428571428571429
Recall-Duo,0.5,
Rerank-Eviction,-27.77534688346883,9.231547931618122
Rerank-Quant,-0.8097527100270954,1.024449186991867
Rerank-Duo,-0.2495081300812991,
NIAH-Eviction,-21.833333333333332,21.895664842358382
NIAH-Quant,0.125,0.25
MemoryRetrieval-Eviction,-39.03422619047619,
InfoRetrieval-Eviction,-17.50746510840108,
Reasoning-Eviction,-1.9535508036331632,
